Фамилия;Имя;Телефон;Комментарий
﻿Фамилия;Имя;Телефон;Комментарий
Морозов;Михаил;+7(944)327-19-95;нет комментария
Новиков;Всеволод;+7(990)452-11-57;нет комментария
Успенский;Александр;+7(975)018-51-18;нет комментария
Афанасьев;Григорий;+7(953)753-35-02;личный
Поляков;Владимир;+7(955)818-12-64;личный
Виноградова;Юлия;+7(936)219-67-98;нет комментария
Иванова;Софья;+7(930)322-05-42;нет комментария
Фролова;Ульяна;+7(991)657-55-24;личный
Лебедев;Андрей;+7(903)688-98-25;личный
Тихонов;Даниил;+7(954)698-48-48;личный
Блинова;Мария;+7(969)125-95-63;личный
Петрова;Милана;+7(937)839-45-39;нет комментария
Юдина;Алина;+7(992)190-50-06;личный
Власова;Василиса;+7(920)129-94-54;личный
Галкина;Мария;+7(934)420-56-15;нет комментария
Воробьев;Владимир;+7(920)117-26-32;нет комментария
Шаповалов;Максим;+7(999)032-29-93;нет комментария
Власова;Алиса;+7(952)853-68-57;личный
Чернова;Ксения;+7(959)136-74-55;личный
Рыбаков;Захар;+7(986)665-85-74;нет комментария
Зотова;Арина;+7(975)223-78-53;нет комментария
Герасимова;Элина;+7(930)349-89-20;нет комментария
Баженов;Михаил;+7(979)553-48-43;нет комментария
Новикова;Василиса;+7(974)570-08-97;нет комментария
Богданова;Александра;+7(935)903-04-95;нет комментария
Романова;Полина;+7(958)224-71-14;личный
Казаков;Семён;+7(928)335-28-47;рабочий
Дементьев;Владимир;+7(983)687-06-89;нет комментария
Корнилов;Максим;+7(930)917-43-27;нет комментария
Морозова;Злата;+7(902)604-35-13;личный
Егорова;Мира;+7(960)417-12-76;личный
Кольцова;София;+7(935)574-03-81;нет комментария
Прокофьева;Виктория;+7(926)169-21-56;рабочий
Смирнов;Роман;+7(937)244-21-29;личный
Волков;Владимир;+7(941)342-59-94;личный
Богданов;Даниил;+7(911)723-26-31;личный
Колесников;Матвей;+7(933)097-46-84;нет комментария
Соколов;Георгий;+7(937)067-65-58;личный
Смирнов;Михаил;+7(957)572-06-93;нет комментария
Соколов;Константин;+7(972)895-08-91;личный
Поляков;Артём;+7(959)430-76-84;нет комментария
Борисов;Тимофей;+7(915)828-88-97;личный
Крылова;Милана;+7(957)598-59-01;нет комментария
Глухов;Иван;+7(963)965-87-54;нет комментария
Крылова;Анна;+7(922)482-71-34;личный
Соколова;Анна;+7(957)308-87-34;нет комментария
Балашова;Арина;+7(940)633-99-99;рабочий
Овчинников;Данила;+7(972)108-86-84;нет комментария
Маркова;Анастасия;+7(966)605-64-37;личный
Мухин;Иван;+7(903)133-85-46;рабочий
Шмелева;Анна;+7(938)950-61-26;нет комментария
Соколов;Виктор;+7(930)663-15-00;нет комментария
Судаков;Илья;+7(906)975-98-47;нет комментария
Большакова;Ясмина;+7(921)953-13-17;нет комментария
Курочкина;Лидия;+7(998)488-11-49;нет комментария
Захаров;Рустам;+7(900)574-88-95;нет комментария
Озерова;Алиса;+7(930)021-61-13;личный
Седов;Константин;+7(981)356-56-46;нет комментария
Калашникова;Анна;+7(938)522-77-54;нет комментария
Иванова;Варвара;+7(914)935-73-06;личный
Маркова;Сафия;+7(994)615-90-76;рабочий
Александров;Василий;+7(956)745-19-36;нет комментария
Кириллова;Виктория;+7(911)251-82-49;нет комментария
Глебов;Андрей;+7(940)344-62-37;нет комментария
Черный;Артём;+7(939)822-41-17;личный
Бирюков;Дмитрий;+7(997)857-60-75;нет комментария
Максимова;Марина;+7(956)593-25-71;личный
Голубева;Виктория;+7(969)779-60-04;личный
Симонова;Кристина;+7(905)911-00-77;личный
Чистяков;Богдан;+7(912)302-86-21;нет комментария
Гуляев;Лев;+7(957)684-86-30;нет комментария
Черный;Данил;+7(900)191-46-78;личный
Елисеев;Юрий;+7(907)866-98-93;нет комментария
Глушкова;Диана;+7(994)935-16-57;нет комментария
Антонова;Анастасия;+7(993)384-08-50;личный
Баженов;Марк;+7(956)183-89-88;нет комментария
Семина;Виктория;+7(932)567-88-99;рабочий
Греков;Владимир;+7(947)219-78-64;рабочий
Кузнецова;Яна;+7(902)236-45-26;нет комментария
Казакова;Эмилия;+7(980)039-45-19;нет комментария
Герасимова;Серафима;+7(928)919-40-21;нет комментария
Бессонова;Эмилия;+7(982)572-53-98;рабочий
Леонтьев;Илья;+7(989)139-83-06;нет комментария
Зайцева;Малика;+7(995)022-72-72;личный
Макаров;Константин;+7(928)353-80-80;рабочий
Моисеева;Амина;+7(933)768-39-65;личный
Емельянова;Анна;+7(909)690-50-13;личный
Зверев;Виталий;+7(991)621-82-99;личный
Федоров;Даниил;+7(988)306-74-39;нет комментария
Кузнецов;Артём;+7(901)475-90-53;нет комментария
Гущина;Ксения;+7(928)770-75-86;нет комментария
Борисов;Артём;+7(911)780-94-21;личный
Виноградов;Иван;+7(947)069-99-79;нет комментария
Беляев;Степан;+7(950)149-36-29;нет комментария
Долгов;Егор;+7(945)625-42-66;нет комментария
Горшков;Виктор;+7(931)050-15-71;нет комментария
Козлова;Алиса;+7(959)905-23-86;личный
Плотникова;Любовь;+7(991)254-90-58;нет комментария
Фомин;Григорий;+7(961)637-68-18;нет комментария
Мухина;Маргарита;+7(978)772-49-22;личный
Баранов;Матвей;+7(975)874-05-89;нет комментария
Ковалева;Полина;+7(927)966-22-07;нет комментария
Попов;Тимур;+7(910)748-57-88;рабочий
Щербакова;Александра;+7(915)467-34-64;личный
Синицына;Диана;+7(921)650-36-93;нет комментария
Титова;Валерия;+7(999)973-78-60;нет комментария
Мельников;Кирилл;+7(983)713-62-99;нет комментария
Васильева;София;+7(977)152-93-09;личный
Костина;Василиса;+7(945)487-59-82;нет комментария
Андреева;Мария;+7(907)983-84-03;нет комментария
Иванов;Дамир;+7(961)979-49-81;рабочий
Алексеев;Евгений;+7(900)138-93-39;нет комментария
Зверев;Константин;+7(975)660-34-31;рабочий
Лаврентьева;Ульяна;+7(914)087-02-99;нет комментария
Алексеева;Алиса;+7(998)988-21-26;нет комментария
Шубина;Екатерина;+7(939)427-21-17;личный
Виноградова;Анна;+7(975)974-31-36;личный
Степанова;Виктория;+7(920)759-06-76;рабочий
Кузнецов;Елисей;+7(939)502-84-77;личный
Лебедева;Майя;+7(983)112-36-67;личный
Дементьев;Михаил;+7(998)295-28-58;нет комментария
Фокина;Алиса;+7(963)106-07-42;нет комментария
Зайцева;Алёна;+7(917)545-62-45;нет комментария
Латышев;Дмитрий;+7(931)923-28-59;рабочий
Крюкова;Виктория;+7(942)992-68-13;рабочий
Ермаков;Павел;+7(998)734-34-57;нет комментария
Соловьев;Иван;+7(986)880-12-77;рабочий
Андреев;Марк;+7(991)894-33-17;рабочий
Егоров;Максим;+7(979)702-64-95;нет комментария
Дружинин;Георгий;+7(997)852-61-76;рабочий
Фролова;София;+7(944)325-72-47;нет комментария
Седов;Владислав;+7(935)448-63-17;личный
Бочарова;Алиса;+7(958)402-35-86;личный
Савельев;Михаил;+7(993)912-38-01;нет комментария
Голубев;Тимур;+7(940)606-76-62;нет комментария
Гущин;Максим;+7(975)048-38-05;нет комментария
Чернов;Даниил;+7(980)972-22-60;нет комментария
Киселева;Милана;+7(916)230-58-32;личный
Лебедева;Виктория;+7(917)756-64-01;личный
Самойлова;Ника;+7(968)276-65-67;нет комментария
Сорокин;Захар;+7(946)920-49-68;нет комментария
Петров;Дмитрий;+7(996)156-48-03;нет комментария
Воронов;Матвей;+7(910)538-45-25;нет комментария
Новикова;Анна;+7(946)029-13-48;личный
Александрова;Анастасия;+7(965)279-65-01;нет комментария
Сидоров;Михаил;+7(980)190-80-46;нет комментария
Макаров;Владимир;+7(989)897-43-72;личный
Степанов;Иван;+7(975)563-76-15;нет комментария
Семенова;Милана;+7(992)423-82-28;рабочий
Козловский;Фёдор;+7(945)613-66-18;рабочий
Емельянов;Илья;+7(939)628-27-65;рабочий
Киселев;Дмитрий;+7(905)715-17-32;личный
Григорьева;Галина;+7(922)971-25-53;нет комментария
Галкин;Олег;+7(929)326-65-19;личный
Журавлев;Сергей;+7(938)208-46-10;нет комментария
Медведева;Марина;+7(906)043-72-30;рабочий
Яковлева;Анастасия;+7(970)527-27-39;нет комментария
Макаров;Александр;+7(912)161-38-87;нет комментария
Ермаков;Артём;+7(906)712-27-15;личный
Ткачева;Диана;+7(906)102-28-64;личный
Горшкова;Варвара;+7(978)121-88-28;личный
Михайлова;Вероника;+7(982)728-70-10;рабочий
Смирнов;Данила;+7(930)736-81-96;личный
Киселева;Мария;+7(925)852-35-89;личный
Савельев;Тимур;+7(989)833-22-71;нет комментария
Савельев;Илья;+7(998)018-96-58;рабочий
Цветков;Ярослав;+7(940)630-26-27;нет комментария
Макарова;Елена;+7(992)750-26-31;личный
Колесникова;Анна;+7(966)496-30-55;рабочий
Журавлев;Кирилл;+7(970)338-01-79;нет комментария
Кононова;Арина;+7(984)379-25-79;нет комментария
Васильева;Маргарита;+7(946)588-76-94;личный
Жуков;Максим;+7(941)958-88-69;нет комментария
Степанов;Богдан;+7(966)840-59-19;нет комментария
Киселева;Елена;+7(966)352-52-10;нет комментария
Руднева;Василиса;+7(947)023-30-55;нет комментария
Тимофеева;Софья;+7(972)471-94-22;рабочий
Иванов;Александр;+7(938)988-24-35;личный
Артамонова;Мария;+7(929)033-62-00;нет комментария
Макаров;Валерий;+7(983)102-88-56;нет комментария
Филиппов;Сергей;+7(972)858-87-98;нет комментария
Симонов;Гордей;+7(904)952-84-30;рабочий
Кузьмин;Тимофей;+7(956)247-04-16;рабочий
Филатов;Михаил;+7(952)031-74-30;рабочий
Воронин;Даниил;+7(930)887-26-66;нет комментария
Щукин;Матвей;+7(994)856-04-96;рабочий
Смирнов;Семён;+7(977)517-67-45;нет комментария
Медведева;Зоя;+7(954)747-16-49;личный
Зайцев;Алексей;+7(988)499-63-38;нет комментария
Константинов;Пётр;+7(928)656-97-21;личный
Елисеева;Варвара;+7(971)029-07-01;личный
Морозова;Евгения;+7(915)679-35-96;рабочий
Баранов;Степан;+7(910)969-30-93;рабочий
Большаков;Михаил;+7(937)439-70-94;нет комментария
Ковалева;Софья;+7(961)728-62-78;нет комментария
Новиков;Максим;+7(954)682-81-49;нет комментария
Семенова;Алиса;+7(986)965-42-63;личный
Булгакова;Вероника;+7(938)983-54-98;личный
Александров;Алексей;+7(972)772-58-63;нет комментария
Комарова;Вера;+7(962)177-99-22;нет комментария
Баранов;Матвей;+7(974)090-94-13;личный
Ковалева;Полина;+7(989)165-44-53;нет комментария
Попов;Тимур;+7(958)012-55-21;нет комментария
Щербакова;Александра;+7(944)439-84-25;рабочий
Синицына;Диана;+7(972)222-75-69;нет комментария
Титова;Валерия;+7(939)248-33-28;нет комментария
Мельников;Кирилл;+7(995)310-39-87;нет комментария
Васильева;София;+7(914)287-38-08;нет комментария
Костина;Василиса;+7(999)239-87-40;личный
Андреева;Мария;+7(934)770-25-27;нет комментария
Иванов;Дамир;+7(927)564-75-18;нет комментария
Алексеев;Евгений;+7(979)228-15-89;рабочий
Зверев;Константин;+7(927)871-45-76;нет комментария
Лаврентьева;Ульяна;+7(999)867-75-83;нет комментария
Алексеева;Алиса;+7(949)846-25-48;нет комментария
Шубина;Екатерина;+7(956)445-18-45;нет комментария
Виноградова;Анна;+7(905)824-75-11;нет комментария
Степанова;Виктория;+7(979)902-38-07;личный
Кузнецов;Елисей;+7(944)331-23-74;нет комментария
Лебедева;Майя;+7(964)698-15-15;нет комментария
Дементьев;Михаил;+7(942)619-29-26;личный
Фокина;Алиса;+7(953)495-18-17;нет комментария
Зайцева;Алёна;+7(943)736-32-22;рабочий
Латышев;Дмитрий;+7(922)110-13-78;нет комментария
Крюкова;Виктория;+7(960)844-50-88;личный
Ермаков;Павел;+7(967)528-61-66;нет комментария
Соловьев;Иван;+7(960)838-68-59;рабочий
Андреев;Марк;+7(959)346-40-29;нет комментария
Егоров;Максим;+7(945)819-34-53;личный
Дружинин;Георгий;+7(995)251-51-52;нет комментария
Фролова;София;+7(908)275-40-52;нет комментария
Седов;Владислав;+7(980)447-11-90;нет комментария
Бочарова;Алиса;+7(901)141-94-50;личный
Савельев;Михаил;+7(973)776-51-51;нет комментария
Голубев;Тимур;+7(980)824-45-90;нет комментария
Гущин;Максим;+7(903)597-05-48;нет комментария
Чернов;Даниил;+7(905)330-19-53;нет комментария
Киселева;Милана;+7(987)978-31-34;рабочий
Лебедева;Виктория;+7(905)407-97-16;рабочий
Самойлова;Ника;+7(960)721-79-52;нет комментария
Сорокин;Захар;+7(939)876-76-30;нет комментария
Петров;Дмитрий;+7(916)701-59-89;личный
Воронов;Матвей;+7(907)026-00-80;личный
Новикова;Анна;+7(980)856-39-44;личный
Александрова;Анастасия;+7(976)359-72-04;рабочий
Сидоров;Михаил;+7(914)147-25-43;личный
Макаров;Владимир;+7(976)592-94-73;нет комментария
Степанов;Иван;+7(920)513-65-11;личный
Семенова;Милана;+7(974)301-19-48;нет комментария
Козловский;Фёдор;+7(960)277-38-25;нет комментария
Емельянов;Илья;+7(995)013-39-00;личный
Киселев;Дмитрий;+7(901)129-07-27;рабочий
Григорьева;Галина;+7(931)647-30-45;нет комментария
Галкин;Олег;+7(992)981-16-10;рабочий
Журавлев;Сергей;+7(921)456-11-18;нет комментария
Медведева;Марина;+7(924)695-18-44;личный
Яковлева;Анастасия;+7(992)811-09-97;рабочий
Макаров;Александр;+7(901)417-53-43;рабочий
Ермаков;Артём;+7(999)150-96-56;личный
Ткачева;Диана;+7(924)897-06-21;нет комментария
Горшкова;Варвара;+7(961)100-65-78;личный
Михайлова;Вероника;+7(950)962-20-65;личный
Смирнов;Данила;+7(927)333-66-52;нет комментария
Киселева;Мария;+7(939)092-16-29;нет комментария
Савельев;Тимур;+7(923)250-05-33;личный
Савельев;Илья;+7(961)801-87-71;нет комментария
Цветков;Ярослав;+7(983)231-81-14;личный
Макарова;Елена;+7(934)884-10-64;рабочий
Колесникова;Анна;+7(998)099-25-70;рабочий
Журавлев;Кирилл;+7(956)515-04-10;нет комментария
Кононова;Арина;+7(996)729-22-23;нет комментария
Васильева;Маргарита;+7(977)356-08-72;личный
Жуков;Максим;+7(956)606-21-52;нет комментария
Степанов;Богдан;+7(908)973-69-25;нет комментария
Киселева;Елена;+7(991)806-71-68;личный
Руднева;Василиса;+7(914)227-32-72;личный
Тимофеева;Софья;+7(925)851-86-25;личный
Иванов;Александр;+7(922)005-59-23;нет комментария
Артамонова;Мария;+7(918)694-13-20;рабочий
Макаров;Валерий;+7(952)403-87-86;личный
Филиппов;Сергей;+7(999)746-68-74;личный
Симонов;Гордей;+7(918)681-06-32;личный
Кузьмин;Тимофей;+7(900)422-51-21;личный
Филатов;Михаил;+7(929)817-96-28;нет комментария
Воронин;Даниил;+7(976)902-72-75;нет комментария
Щукин;Матвей;+7(930)458-28-82;рабочий
Смирнов;Семён;+7(947)337-64-50;нет комментария
Медведева;Зоя;+7(995)854-60-62;личный
Зайцев;Алексей;+7(977)784-24-99;нет комментария
Константинов;Пётр;+7(952)593-41-36;личный
Елисеева;Варвара;+7(956)087-83-99;нет комментария
Морозова;Евгения;+7(944)435-96-26;нет комментария
Баранов;Степан;+7(906)634-82-67;рабочий
Большаков;Михаил;+7(981)976-49-03;рабочий
Ковалева;Софья;+7(905)333-19-43;личный
Новиков;Максим;+7(995)180-02-04;личный
Семенова;Алиса;+7(981)076-42-37;личный
Булгакова;Вероника;+7(992)092-00-56;нет комментария
Александров;Алексей;+7(970)492-23-26;нет комментария
Комарова;Вера;+7(931)269-94-22;рабочий
Семенова;Вероника;+7(964)095-55-04;нет комментария
Яковлев;Мирослав;+7(929)743-13-14;рабочий
Еремина;Варвара;+7(986)668-77-52;нет комментария
Соловьева;Кристина;+7(938)521-72-51;личный
Сомова;Мария;+7(960)633-51-96;нет комментария
Королев;Дмитрий;+7(974)622-02-75;нет комментария
Яшин;Ярослав;+7(989)140-28-90;личный
Кочетова;Анастасия;+7(959)521-85-50;нет комментария
Савина;Виктория;+7(914)853-29-09;рабочий
Черепанов;Павел;+7(928)163-73-41;личный
Парфенов;Виктор;+7(970)471-85-82;нет комментария
Воронина;Полина;+7(923)482-35-25;рабочий
Цветков;Максим;+7(974)528-38-77;личный
Петрова;Елена;+7(958)706-34-21;нет комментария
Моисеев;Артём;+7(993)894-98-22;личный
Лебедева;Амелия;+7(927)198-05-09;нет комментария
Иванова;Анна;+7(975)468-24-73;нет комментария
Логинова;Екатерина;+7(915)987-45-28;нет комментария
Колосов;Константин;+7(927)680-18-51;нет комментария
Поляков;Даниил;+7(927)851-26-91;нет комментария
Герасимов;Савелий;+7(937)210-33-53;нет комментария
Андрианова;Алёна;+7(970)961-70-40;нет комментария
Бондарев;Адам;+7(935)799-06-11;нет комментария
Константинова;Анна;+7(900)304-35-98;личный
Крылов;Кирилл;+7(920)966-87-41;личный
Бородин;Егор;+7(976)035-58-78;нет комментария
Тарасов;Никита;+7(976)245-88-09;нет комментария
Емельянов;Арсений;+7(924)793-98-29;рабочий
Золотарев;Матвей;+7(991)807-86-00;нет комментария
Белкина;Кристина;+7(932)882-36-75;рабочий
Борисов;Семён;+7(987)856-64-49;нет комментария
Осипов;Константин;+7(998)367-98-85;личный
Степанов;Павел;+7(913)216-92-41;рабочий
Козлов;Гордей;+7(961)036-51-67;нет комментария
Пономарева;Виктория;+7(925)672-13-08;личный
Иванова;Василиса;+7(958)027-27-90;личный
Тимофеев;Тимофей;+7(942)101-91-67;рабочий
Гусев;Демид;+7(934)502-30-95;личный
Сафонов;Тимофей;+7(993)179-79-53;нет комментария
Карпова;София;+7(948)442-24-25;рабочий
Баранов;Иван;+7(928)946-48-91;нет комментария
Мещеряков;Родион;+7(926)648-36-23;нет комментария
Носов;Константин;+7(987)073-12-09;личный
Богданова;Василиса;+7(991)925-69-17;личный
Сорокина;Ева;+7(932)713-31-59;нет комментария
Нестерова;Кристина;+7(938)899-94-27;нет комментария
Сазонов;Владислав;+7(926)094-79-36;нет комментария
Киселев;Иван;+7(900)039-78-59;нет комментария
Михеева;Есения;+7(976)835-66-05;нет комментария
Левина;Марина;+7(914)825-70-05;нет комментария
Кольцов;Максим;+7(922)780-25-94;нет комментария
Жуков;Максим;+7(989)260-65-48;нет комментария
Кузьмин;Семён;+7(903)996-25-77;нет комментария
Софронов;Матвей;+7(990)512-84-54;нет комментария
Андреев;Дмитрий;+7(918)168-37-18;нет комментария
Зайцев;Андрей;+7(984)875-95-70;личный
Дроздова;Елизавета;+7(995)414-72-81;нет комментария
Румянцев;Артём;+7(987)007-57-91;личный
Соколов;Егор;+7(975)741-80-47;личный
Кудряшова;Дарья;+7(977)556-01-54;нет комментария
Смирнов;Михаил;+7(909)702-85-31;нет комментария
Антонова;Ольга;+7(931)892-68-44;нет комментария
Комаров;Роберт;+7(943)603-42-94;нет комментария
Егорова;Злата;+7(936)535-84-33;нет комментария
Кондратьев;Герман;+7(969)342-43-96;личный
Любимов;Максим;+7(999)240-96-27;личный
Кузнецова;Стефания;+7(962)037-32-22;личный
Михайлов;Олег;+7(985)547-38-84;личный
Ермаков;Адам;+7(999)005-39-45;личный
Гаврилова;Алина;+7(929)140-95-18;рабочий
Белякова;Лидия;+7(957)285-41-84;рабочий
Маркова;Таисия;+7(980)257-02-54;нет комментария
Соколова;Стефания;+7(997)459-78-13;нет комментария
Козлов;Платон;+7(913)780-32-74;нет комментария
Дубинина;Ксения;+7(920)954-86-07;нет комментария
Новикова;Елена;+7(914)508-55-29;нет комментария
Алексеева;Полина;+7(975)440-95-52;нет комментария
Дмитриева;Арина;+7(906)911-57-04;личный
Иванов;Павел;+7(978)761-43-75;нет комментария
Лазарева;Ангелина;+7(917)332-82-18;нет комментария
Сергеев;Алексей;+7(991)233-96-65;личный
Афанасьев;Алексей;+7(976)564-89-25;личный
Андреева;Мария;+7(961)762-50-03;нет комментария
Ефремов;Денис;+7(922)958-98-33;личный
Молчанова;Виктория;+7(939)318-82-00;рабочий
Одинцов;Владимир;+7(978)442-12-67;рабочий
Колосов;Фёдор;+7(950)097-28-01;личный
Логинова;Анна;+7(908)397-33-75;нет комментария
Рыбакова;Анастасия;+7(961)493-01-49;личный
Серов;Эмиль;+7(904)123-14-64;личный
Логинова;Мария;+7(915)058-43-95;нет комментария
Козлова;Ева;+7(941)080-80-69;нет комментария
Еремин;Александр;+7(939)167-91-94;рабочий
Копылова;София;+7(944)469-11-59;личный
Кузнецов;Матвей;+7(936)407-12-89;нет комментария
Попова;Мария;+7(940)320-24-24;нет комментария
Ананьева;Ксения;+7(964)221-40-31;личный
Орлов;Глеб;+7(979)847-87-53;нет комментария
Алешин;Тимур;+7(944)382-04-80;личный
Зеленина;Эвелина;+7(969)536-08-31;рабочий
Кузина;Аврора;+7(978)336-08-92;личный
Ильина;Светлана;+7(934)090-05-76;нет комментария
Богданова;Алина;+7(906)376-30-84;личный
Иванова;Виктория;+7(934)758-27-86;нет комментария
Семенов;Платон;+7(932)572-50-06;нет комментария
Исаева;Полина;+7(956)719-21-51;рабочий
Серова;Фатима;+7(981)169-79-94;рабочий
Зиновьев;Григорий;+7(918)787-96-17;личный
Титов;Артём;+7(971)917-53-34;личный
Любимов;Алексей;+7(959)135-61-92;личный
Беляева;Кира;+7(980)739-73-39;личный
Гаврилов;Максим;+7(944)932-13-49;личный
Александров;Давид;+7(998)713-88-30;нет комментария
Казакова;Мария;+7(986)352-52-89;нет комментария
Афанасьева;Светлана;+7(931)517-58-36;нет комментария
Дмитриева;Евгения;+7(911)153-94-82;нет комментария
Фадеев;Андрей;+7(911)830-31-76;личный
Коновалова;Ева;+7(928)092-62-26;нет комментария
Давыдова;Евдокия;+7(907)715-03-14;личный
Климова;Виктория;+7(990)151-57-27;личный
Васильева;Елизавета;+7(965)820-95-04;нет комментария
Пахомова;Анна;+7(901)336-54-91;личный
Михайлов;Михаил;+7(906)526-62-59;рабочий
Касаткин;Артём;+7(958)555-31-21;личный
Князева;Амина;+7(950)739-24-05;нет комментария
Андреева;Дарья;+7(922)276-65-68;личный
Ерофеева;Юлия;+7(917)084-64-26;личный
Комаров;Пётр;+7(996)443-33-66;нет комментария
Овсянников;Илья;+7(941)666-33-49;рабочий
Абрамов;Даниил;+7(982)072-98-87;личный
Петухов;Андрей;+7(905)291-02-96;личный
Андреев;Павел;+7(974)103-61-58;рабочий
Волков;Константин;+7(960)060-59-23;личный
Меркулов;Давид;+7(911)858-93-25;нет комментария
Молчанов;Иван;+7(922)060-96-72;нет комментария
Суслова;Полина;+7(949)776-53-30;нет комментария
Суркова;Александра;+7(933)143-45-13;личный
Игнатьева;Софья;+7(970)625-57-03;личный
Емельянова;Аиша;+7(950)250-61-89;личный
Григорьев;Егор;+7(924)668-21-76;личный
Васильев;Александр;+7(941)571-31-80;личный
Соловьев;Захар;+7(938)240-05-50;личный
Куликов;Артём;+7(992)494-79-04;нет комментария
Кузнецова;Диана;+7(949)094-28-59;нет комментария
Никитин;Даниил;+7(970)520-50-42;личный
Добрынина;Диана;+7(939)541-47-05;рабочий
Белова;Алина;+7(990)948-20-22;личный
Комиссаров;Максим;+7(949)111-07-14;нет комментария
Черных;Ольга;+7(951)909-32-73;нет комментария
Кудрявцева;Ольга;+7(931)515-30-34;личный
Абрамов;Артур;+7(962)041-58-95;нет комментария
Дементьев;Максим;+7(905)945-99-37;личный
Елисеева;Кира;+7(956)188-78-21;нет комментария
Ильин;Егор;+7(992)219-35-84;нет комментария
Зверев;Михаил;+7(990)794-23-93;нет комментария
Лукьянова;Анастасия;+7(953)084-77-60;нет комментария
Прохорова;Валерия;+7(972)584-62-65;нет комментария
Панкова;Элина;+7(938)023-65-19;личный
Алешина;Полина;+7(927)016-54-85;рабочий
Маркелова;София;+7(921)583-78-81;нет комментария
Черкасова;София;+7(954)989-88-69;нет комментария
Смирнов;Марк;+7(932)669-88-50;нет комментария
Казакова;София;+7(960)297-80-19;личный
Максимов;Андрей;+7(951)431-55-38;рабочий
Сомова;Софья;+7(940)636-19-52;личный
Алексеев;Руслан;+7(980)698-55-78;нет комментария
Фролов;Андрей;+7(965)183-40-61;нет комментария
Николаева;Яна;+7(965)216-00-77;нет комментария
Полякова;Ульяна;+7(957)318-61-37;нет комментария
Румянцев;Тимофей;+7(977)651-22-09;нет комментария
Федотова;Анастасия;+7(928)504-96-73;нет комментария
Панина;Софья;+7(975)989-23-04;личный
Серебрякова;Таисия;+7(967)954-46-19;личный
Игнатов;Матвей;+7(916)529-21-51;личный
Денисова;София;+7(958)061-60-41;личный
Носкова;Елизавета;+7(985)212-31-31;нет комментария
Павлов;Всеволод;+7(979)168-70-11;нет комментария
Анисимова;Лейла;+7(946)967-69-63;личный
Попова;Алиса;+7(963)026-80-91;нет комментария
Шувалов;Олег;+7(999)144-38-54;личный
Абрамова;Вероника;+7(991)506-28-75;нет комментария
Леонтьева;Елена;+7(915)662-41-25;нет комментария
Никифоров;Георгий;+7(911)229-79-82;нет комментария
Чижов;Илья;+7(933)283-26-76;нет комментария
Егоров;Леонид;+7(906)518-18-40;рабочий
Ерофеев;Владислав;+7(961)485-58-23;рабочий
Горелов;Андрей;+7(945)642-22-35;нет комментария
Филиппов;Александр;+7(960)156-27-25;рабочий
Ларин;Михаил;+7(927)799-21-83;рабочий
Белоусова;Диана;+7(938)360-78-49;личный
Александрова;Алиса;+7(953)826-48-39;нет комментария
Лебедев;Лев;+7(942)795-03-93;нет комментария
Лазарева;Мария;+7(940)872-92-58;личный
Козлов;Иван;+7(970)886-74-72;рабочий
Зорина;Майя;+7(958)358-04-26;нет комментария
Киселев;Михаил;+7(905)695-92-99;нет комментария
Исаев;Илья;+7(995)438-83-43;личный
Соловьева;Виктория;+7(938)866-86-10;личный
Шилов;Сергей;+7(906)864-50-56;нет комментария
Иванов;Дмитрий;+7(976)832-35-20;личный
Грачева;Мария;+7(935)137-76-14;нет комментария
Сафонова;Василиса;+7(953)096-67-33;нет комментария
Грибова;Алиса;+7(980)593-70-87;нет комментария
Жуков;Даниил;+7(988)892-27-01;нет комментария
Измайлов;Марк;+7(952)162-25-74;нет комментария
Белова;Василиса;+7(931)303-75-78;личный
Лавров;Артём;+7(995)863-84-12;рабочий
Ильина;Ева;+7(968)562-93-78;нет комментария
Иванов;Захар;+7(966)964-39-95;рабочий
